,0
0,-0.03177599905945172
1,0.07857660949847448
2,-0.0976120916221721
3,0.02742912003774028
4,0.03744112426018343
5,0.06105265747735871
6,-0.0624503905389851
7,-0.0336527143507318
8,0.0054625272033550915
9,-0.14450503752131735
10,-0.07751550354815859
11,-0.06860285788674148
12,-0.06379169612793832
13,0.10057770423064664
14,0.011049928187172755
15,-0.001099622889706352
16,-0.028484927406799032
17,0.037915200331988586
18,-0.07366310397258566
19,-0.10801540615812842
20,0.013658907769705698
21,0.04422491546089933
22,-0.013423232793533196
23,-0.024379681779407643
24,-0.08597096682028053
25,-0.02650534242862504
26,-0.03780599909761229
27,-0.11442263369435612
28,0.007292309519067284
29,0.06888138121461114
30,0.026815502299417593
31,-0.021722107974669003
32,-0.06765829182199849
33,-0.06337869304240124
34,-0.0578059788881914
35,-0.005295889849936332
36,-0.0044146314100535445
37,-0.025713516224100848
38,-0.057597649961209765
39,0.13849145939826235
40,-0.005136057336657566
41,0.037675186518202085
42,-0.0035175524965389182
43,0.1281608476225434
44,-0.02287678049848591
45,-0.058184793365712674
46,0.0063123575513194
47,0.015301918328646363
48,-0.044614030287263205
49,0.020832080568302963
50,-0.05668625663208792
51,0.09483975934444974
52,0.08816740944273013
53,0.016795224007294163
54,0.03989900756646545
55,-0.011530384263975534
56,-0.02381372724292338
57,0.0003556211211796083
58,-0.03383147886148883
59,0.1002124361737372
60,0.06566615137567473
61,0.006692175689143198
62,-0.018259572628152334
63,0.01933032126099031
64,-0.06852440012782506
65,-0.1593113201112095
66,-0.12496458531823885
67,-0.05897961202824772
68,-0.007865420596979733
69,0.05511906766861358
70,0.05294044753184668
71,-0.029251899788858657
72,-0.04392393085094125
73,-0.031119668815761267
74,0.06003949580405232
75,0.13427962606814872
76,-0.020078236702657324
77,-0.08036752313663872
78,-0.05162164893092988
79,-0.0163659468732303
80,-0.031301292774179174
81,0.23704561267263566
82,-0.09426299853073782
83,0.02566659880115195
84,-0.020947583393246493
85,-0.022839597318582833
86,-0.05541998343148503
87,0.06677967768719188
88,-0.0038702275716562553
89,0.09767619000802912
90,-0.005381586818810689
91,0.02654896214295695
92,0.06696210266920039
93,0.038895784186360194
94,-0.05051138739100323
95,-0.002639505609927268
96,0.02577400576637695
97,0.03492071361562297
98,0.06902120981229244
99,-0.01801531759024497
100,-0.01962802512235492
101,-0.03843305050502619
102,-0.032917649731801876
103,-0.02516574622499349
104,-0.033116876448897256
105,0.09422188399322264
106,0.05164390374910795
107,-0.03563737605245409
108,-0.08758405402974762
109,-0.10154982200361819
110,-0.05900940562036514
111,0.1124614056911577
112,0.024877061071948172
113,-0.03130924489145293
114,0.014821971043349457
115,-0.012279211337526373
116,-0.0439040779507542
117,-0.11501336462546333
118,-0.0034716014680345702
119,0.026275953530948373
120,0.016744989202423684
121,0.04176318367533629
122,0.04456515241888855
123,-0.017087050366709797
124,0.11559428718928311
125,0.021046370236885048
126,0.023258772813143754
127,-0.02734245027953422
128,-0.05125626763031576
129,0.03783340559477309
130,-0.016146718907563723
131,-0.01059027527578706
132,-0.05412946718230776
133,-0.11551132466679478
134,-0.04062997053562657
135,-0.06463121020775393
136,0.1369869807605991
137,0.10345451886938374
138,0.11424954230222835
139,0.08746851664194355
140,-0.053749293830979254
141,0.023734187592548073
142,-0.04878689973464328
143,0.048685067090522824
144,-0.08414584349992071
145,-0.03048961367803842
146,-0.041154789358938966
147,0.07548264578872962
148,0.021312175552553835
149,0.15481983902099933
150,-0.03344136876209553
151,-0.054217581314118614
152,0.031519912701913025
153,-0.008261936058695097
154,-0.08643631381644838
155,-0.052184287552733064
156,0.14341106596818937
157,-0.027681887120620193
158,0.049789696563991855
159,0.028656372526467213
160,-0.036180674729891935
161,0.04857941687556209
162,0.01866286594887543
163,0.05878615247165056
164,0.0537688908185517
165,0.013469450227406194
166,-0.0449573031515399
167,0.020749770628205655
168,-0.05578212599221233
169,0.05937679742315727
170,0.004893995810409103
171,0.03692166083210333
172,0.061128909542230964
173,0.08013035592585616
174,-0.008494570076265947
175,-0.013814154946883603
176,-0.13480066069865135
177,0.024960997801131847
178,0.1020866325979271
179,0.10946760534576765
180,0.14477121120037886
181,0.09439369802354707
182,-0.021470811232274522
183,0.029382703094763273
184,-0.08365778758070032
185,-0.09064914620250483
186,0.07620946674537683
187,-0.04681222318265072
188,0.013849792185524549
189,-0.07203884933606985
190,-0.014113772335343097
191,0.03916841310874089
192,0.09572421052205904
193,0.05879068765819761
194,-0.0683824258544308
195,-0.02551948815821185
196,0.015750191120919212
197,0.06117988340247268
198,-0.017746701623195565
199,-0.05807799699910349
200,0.021539298554577438
201,0.04206147497445786
202,-0.010697156119815428
203,0.04246987822113622
204,-0.0717410392470869
205,-0.04866066292906449
206,0.0355959592256281
207,0.006372732203945296
208,-0.12703536545905153
209,0.04328846222985898
210,-0.03458311766759897
211,0.03544326009381225
212,-0.0709587932999863
213,-0.12256432862226668
214,-0.0958146794457264
215,0.07451901084616468
216,-0.04089227892029015
217,-0.05113329599664091
218,-0.03025487233306404
219,0.02639237647721305
220,0.018646693663145215
221,-0.12796732124809812
222,-0.02324377542974107
223,-0.0717959675053556
224,-0.012021560425745391
225,-0.14439997050685285
226,0.030158327979416394
227,-0.00875481894764971
228,-0.07343390243210761
229,0.0066937477918332725
230,-0.008167305853391793
231,-0.020216215365745704
232,0.010602512807482973
233,0.03979871693125858
234,0.08040219763450673
235,0.012474456801346047
236,-0.04235046117599398
237,0.18166709335660786
238,-0.01230514523168517
239,0.04224828006851738
240,0.018587891647761413
241,-0.03286123488065904
242,-0.055479825972716584
243,0.05805984612207358
244,0.08468467222502367
245,0.07500628157822019
246,-0.08386561586587324
247,0.03491994805360041
248,0.0652020484660787
249,0.02087563484286223
250,-0.1256252086255771
251,0.11054260055190238
252,0.08576281044227499
253,-0.0005198754955992051
254,0.002921809610707141
255,-0.08708508735281713
256,0.05576339775740076
257,0.035445251928961405
258,0.04037864813344572
259,-0.03429395884018833
260,-0.10308572234866711
261,-0.016852055556611976
262,-0.02372746938084912
263,-0.0636603970670561
264,-0.020361837547099134
265,0.07289865625533709
266,-0.019358036322538515
267,0.11933633460130705
268,0.04368880376349584
269,0.017857397804758805
270,-0.0015878463535687203
271,0.04404644513788781
272,0.019853352210838265
273,0.049834988060310066
274,-0.012765283119844926
275,0.06916187772131199
276,-0.0028193173166384034
277,0.03751407383653803
278,-0.02329709648710959
279,-0.0188912761255689
280,0.03305991436469688
281,0.02601136804640259
282,0.15865525635870584
283,-0.08243259059877305
284,0.012164363836293874
285,-0.02155790290949543
286,0.08569246794040587
287,0.09340770787078684
288,0.01463779304989711
289,0.0009431495254769153
290,-0.02603453838107312
291,-0.05574117479846351
292,0.045651439201511275
293,-0.07350205122811869
294,0.004571028648063247
295,0.08914013269527532
296,0.007247302485291793
297,-0.031413577925631736
298,0.0957414340955003
299,-0.020993622721972256
300,-0.03552434951444417
301,-0.04857172794016102
302,0.014382614554239349
303,-0.1668459535393028
304,0.12242966298760696
305,-0.016286656228368602
306,-0.09200387677368502
307,0.02875242084321314
308,-0.003205371076308433
309,-0.12250937539456117
310,-0.01945115793813891
311,0.03564652169145103
312,-0.012890389534299235
313,-0.054194298540361396
314,0.0026744325934784526
315,-0.01975500804634188
316,-0.05797214348714729
317,-0.004360864921192526
318,0.05311258994901351
319,-0.05974693255218216
320,-0.06713260723951422
321,-0.06585731738295715
322,-0.047707001234176975
323,-0.025154650532469316
324,0.04935735451229279
325,-0.02795911378837877
326,-0.12226173637736572
327,0.022784424969766126
328,-0.03385431392703838
329,-0.037791395862339754
330,-0.01224523206717987
331,-0.018704346722652514
332,-0.004421348328447733
333,-0.002014174299453905
334,0.010778169419432687
335,0.017198762614424493
336,-0.08786311529309244
337,0.005806125393122556
338,-0.002387050672706278
339,0.023656207845855277
340,-0.017830308285623805
341,-0.038319997829316825
342,-0.03823653022388618
343,0.002122746854698856
344,0.06693051466538656
345,-0.00755042848705361
346,0.04894564017284293
347,0.02448452689690056
348,-0.0261998748068121
349,-0.06728442341500065
350,0.02883663144778442
351,-0.09920912652059466
352,0.027267354600363763
353,0.013908918328813967
354,0.08998845893026601
355,-0.009501615977832785
356,-0.055593291629313604
357,0.13816819076363127
358,-0.07487601629920386
359,0.007230740660246904
360,-0.06761436068635113
361,-0.07409445359384742
362,-0.022896529633715898
363,-0.0067473845088895255
364,-0.1646315073956755
365,0.10174490174573092
366,0.08522521327529439
367,-0.0818238037403975
368,-0.05005061890584507
369,-0.08646919632272485
370,0.04120203034831749
371,-0.005563438013946097
372,0.09633037853409238
373,-0.008727499444335872
374,0.06712070071409242
375,-0.12233774977486915
376,-0.11408484985212781
377,-0.07635621576085813
378,-0.03504309243524679
379,-0.037676823981856865
380,-0.10600709462193099
381,0.0037702702559370797
382,-0.12579191955170327
383,0.009431949751658534
384,-0.024709817038630948
385,-0.03249129431231834
386,-0.06626820562152162
387,-0.09532325016519005
388,0.0614596401796739
389,-0.05408633665463906
390,-0.02654939881179636
391,0.06264301657321354
392,-0.024435134480325662
393,-0.023768415659170795
394,0.07166990426668157
395,0.00031349401346411073
396,-0.009780200121319534
397,-0.06766400622533372
398,0.015604175132899007
399,0.12259110302025579
400,0.015275626649697383
401,0.06216363303089786
402,-0.02454132191764493
403,0.08629436247455813
404,0.006825875721283847
405,-0.02961924967895338
406,-0.06752350863617118
407,0.10065452173234085
408,-0.059234573060933236
409,0.030276812950231647
410,0.06481457950630759
411,-0.08122218839886194
412,-0.028916084281487658
413,0.029913396499996792
414,0.04427031206357052
415,-0.019176699871084966
416,-0.04074989774933112
417,0.02759384908605481
418,0.12194029084646592
419,-0.043376959457578135
420,0.050452798965950146
421,0.00875340833912276
422,-0.01663896421168036
423,-0.008067985966559976
424,0.017145341857870096
425,-0.021499340751796717
426,-0.030601593259330415
427,-0.004665732767408655
428,0.030597316708442287
429,0.027549801363158433
430,0.06925416607219952
431,0.02258244238064455
432,-0.09100441328666939
433,0.08313142086350556
434,0.09259764632661623
435,0.10443666331923603
436,0.023961174765146306
437,-0.010910238109535229
438,-0.11496935126397399
439,-0.04977120092413282
440,0.04611209091684675
441,-0.038669320556698396
442,0.016881765989708395
443,-0.021429473873802608
444,0.028520211051190104
445,-0.05567825264091475
446,-0.017023718616654134
447,0.01607412492326359
448,0.08042265077380462
449,-0.03379143425056856
450,0.11692872765883143
451,-0.014592639348087362
452,-0.0021954355216786043
453,0.029899749717055342
454,0.03940588871600251
455,0.0009729594172221109
456,0.031323745951846865
457,0.06417717444218236
458,0.0742142126443809
459,-0.07071466162922911
460,-0.13987308246254204
461,0.09522553609753451
462,0.06876806972868227
463,-0.02172543172297655
464,-0.024331313838758004
465,0.049866673380937136
466,-0.012567674799572461
467,-0.013596112223823734
468,0.037768751257555445
469,-0.04171296561874666
470,-0.09332442989662697
471,0.01629550635568243
472,-0.03658140187858988
473,-0.12156377669573974
474,0.019213498867857955
475,-0.0001133033716830994
476,-0.026364590093624577
477,-0.09511925636674401
478,-0.027620232561479625
479,0.018358710510605385
480,0.07778836418094351
481,0.09453963529448382
482,0.0329547903013454
483,0.047195374091388895
484,0.11372976792626852
485,-0.005352923625119667
486,0.03757692349749175
487,-0.00030583681591269605
488,0.040463652366678975
489,-0.12496129906099747
490,-0.04891508742041814
491,-0.06272736456198028
492,0.03714040624523311
493,0.07553944010910205
494,-0.0005827042065968708
495,-0.01825708750763843
496,0.011890685944536166
497,0.01887080328793774
498,0.14096964656114594
499,-0.044510667266138206
500,-0.035288410915005175
501,-0.05593816175453328
502,0.01003815982718114
503,-0.009559573749909258
504,0.046824639315402455
505,0.11418038470987013
506,-0.01614195223118352
507,0.0690457748764779
508,0.02635702067272973
509,-0.00985882624099426
510,0.013492121560666087
511,0.03255491558469905
512,-0.11329395927528682
513,-0.07921271351030795
514,0.07177190780412517
515,-3.705558324515763e-05
516,-0.030059034286546778
517,0.029174816353061416
518,-0.06679835241120313
519,-0.040631773168094076
520,-0.05093546219480503
521,-0.002233406022886103
522,-0.016492653624945768
523,0.06180896267891682
524,0.056980165738017056
525,-0.01167899292249376
526,-0.006896582542064933
527,0.1426731030764265
528,-0.08873510467168118
529,-0.0465474388312786
530,0.027004497685404888
531,0.07676081880700927
532,0.05855788256272826
533,0.08022991868733426
534,0.005350508426648733
535,-0.08854890205700915
536,0.033416902984773095
537,0.01413647317688491
538,0.041125918820547
539,-0.033094603214353015
540,0.067575422735374
541,-0.07858296932734748
542,-0.1086664293888672
543,0.02952939238199296
544,0.006221973510106627
545,-0.08149311586499211
546,-0.04495141188784059
547,0.021260037467898965
548,-0.06516195076043724
549,-0.03676266572315422
550,-0.09222172869201746
551,-0.06234931741981334
552,-0.0568124462369599
553,-0.04947915953270526
554,-0.00019891715867925347
555,0.04871273875010742
556,0.11097357574754048
557,-0.0018904762626610948
558,-0.022735498250328674
559,-0.0386279063710317
560,1.4889140148737368e-05
561,-0.07013335588905682
562,0.012915609674163829
563,-0.0583728419114993
564,-0.03199922179314957
565,-0.07924548404211273
566,-0.0976427351745928
567,-0.08540889068498629
568,-0.13130168494276687
569,-0.10378247457677761
570,-0.004863027537798713
571,-0.041098156064488786
572,-0.09737895000765512
573,-0.020986164122296945
574,0.09395766060883835
575,0.049600457024312664
576,0.018685307635228854
577,0.06726463746889673
578,-0.09824972283327284
579,0.06955321115139863
580,0.0924655654040509
581,0.02060108751738338
582,-0.04879677223407948
583,0.017567075223843032
584,0.03570239005195161
585,0.01658001193534623
586,0.05682367892287259
587,0.003750315500923461
588,0.05499470983690104
589,0.101562883859254
590,-0.04845612688268769
591,0.009652542491396689
592,-0.0523430275844935
593,0.06689686266530638
594,0.02681556493762854
595,-0.00215425424931888
596,0.0652141979764065
597,-0.062002427501149426
598,-0.06805462740194773
599,0.10077158876408851
600,-0.001992555136379915
601,-0.008331528039019357
602,-0.018953133246671257
603,0.016117899350213755
604,-0.029269590982751077
605,0.0667645774151479
606,-0.0324332536721394
607,-0.12104062380576851
608,-0.03938258856957524
609,-0.032879400664846126
610,0.030128361697012256
611,0.07551438920703823
612,0.05111481425728802
613,-0.0469229176950693
614,0.09154803830502933
615,0.03281804931573064
616,-0.02745660675307079
617,0.045945085918403246
618,0.10315850327414014
619,0.003154625410526773
620,0.04336239186212927
621,0.04909415411789828
622,-0.11191008395447802
623,-0.06474588578199031
624,0.024980749416796205
625,0.02747286589162739
626,-0.03235786799472345
627,-0.015692857334441018
628,0.02629392097152973
629,-0.042987205547913604
630,-0.011590853666567324
631,0.05575894888072348
632,-0.05888695158383213
633,0.019561507522941994
634,0.0011370365066107272
635,-0.014918096480356587
636,0.05369449199033398
637,0.04868610804934384
638,0.02222552152072609
639,0.04871817948897666
640,0.023131527680407483
641,-0.031836813364275685
642,-0.04892482457115028
643,0.1265683500888614
644,0.16071645060730574
645,0.025104641414109247
646,0.08549816734443061
647,-0.06608149939219812
648,0.05999752411914943
649,-0.13409348075307786
650,-0.10466338570509151
651,0.07357979179677217
652,-0.017867602174835465
653,-0.056353178376701514
654,0.10245045349388074
655,-0.038057561974223275
656,0.00635543332225108
657,0.010379165957070518
658,-0.09678893925112045
659,0.023503742900562202
660,0.04321707282450145
661,-0.10145753903809647
662,-0.016383333358647625
663,0.013958619589967972
664,-0.11608254575255443
665,0.023492898388379577
666,0.1007006973716783
667,0.11240158562547717
668,-0.11637844690639401
669,0.006481450159223017
670,-0.022680265793932605
671,-0.07128948833916222
672,-0.07804927729255201
673,0.1389744555260212
674,0.034214254278700756
675,0.053621557741313546
676,-0.0824300828941874
677,0.01537889545210595
678,0.08210463982683841
679,0.09747323157281686
680,0.0187618277355683
681,0.06981560854912594
682,-0.014430609175787045
683,-0.01672036242425606
684,-0.1057415016299454
685,-0.12254497881252922
686,-0.07608950579998326
687,0.041044062532893874
688,0.02252037217163543
689,0.047635605724042046
690,-0.017678824150095473
691,-0.01516786065459496
692,-0.06173396531072074
693,-0.10756866698303745
694,0.008389152814382626
695,0.06387408315567106
696,-0.0445995307849219
697,-0.04404703321429833
698,0.04977696027949074
699,0.09648803258560636
700,-0.17172127870165824
701,-0.0026157686562471773
702,0.017748516702906197
703,0.09383706459969952
704,-0.18012048747646514
705,-0.000722409465347408
706,0.005980275101721464
707,0.028383448698447982
708,-0.004933108643343753
709,0.09456337082545545
710,-0.09802666515587133
711,-0.05001528963956967
712,-0.09881229608510789
713,-0.038888654343775746
714,0.06367771595690763
715,0.01983764176921652
716,0.11080856960852338
717,-0.018546226100031805
718,-0.027104969403019583
719,-0.04828414762042012
720,-0.019926301933532547
721,-0.13951138434242022
722,0.12444003576294421
723,0.006804415270978394
724,0.04726370098062021
725,0.06606968181497902
726,0.0023640931135811513
727,0.0027100651307743985
728,0.10569687763823418
729,0.05604118221942813
730,0.042186583602561945
731,0.0847827416106917
732,-0.041311319215917415
733,0.024457440710324088
734,0.0799255366317051
735,0.02062329935032546
736,-0.05232952579440901
737,0.010420133081064535
738,-0.01845031912336095
739,-0.021150990452127
740,0.0610350004934568
741,-0.11009375126719527
742,-0.040059691834066595
743,0.029069090303125086
744,-0.009157115771997163
745,0.0814872803080616
746,0.017004998710169424
747,-0.003268358541597223
748,-0.02984019733487305
749,-0.03742534028288578
750,0.1220278329804576
751,0.0640346964674941
752,-0.06703109339323776
753,0.07905062205561122
754,-0.029558110497239325
755,0.05125240959120913
756,-0.07333927786825618
757,-0.008720503693258242
758,-0.026416852701784982
759,-0.09372796599053955
760,0.00507281335047002
761,0.0199936242271617
762,0.047660506528526665
763,0.018627090721149497
764,0.01102400344299898
765,-0.025699343099788646
766,0.16597401942991435
767,0.12195239158480346
768,-0.049479628032034685
769,-0.007658464428149263
770,-0.09310251371714273
771,-0.007397207789885744
772,-0.023597283952862553
773,-0.03685166002535089
774,0.049630766435940464
775,-0.008559474391735484
776,0.0883221836581285
777,-0.014469680493450453
778,0.037556494011575396
779,-0.03200175832690346
780,-0.04671805410741405
781,0.014968188816565862
782,0.08179228218953849
783,0.014271796685760047
784,-0.14847997971890028
785,-0.046254650487908645
786,0.0076976894092800705
787,-0.07956778578084894
788,-0.03149933284327966
789,0.014688732472385212
790,-0.03224903996680691
791,-0.0029549160077039097
792,0.011017384832151592
793,-0.00440579431323321
794,-0.13393613588143188
795,-0.1665395359721114
796,-0.015673060658280558
797,-0.05187228089368962
798,0.013178102186753374
799,-0.05658423983020271
800,-0.08424679374715702
801,-0.04070353165963708
802,-0.021427278034510226
803,-0.06607222575691656
804,0.010705761266161764
805,0.04440924295731165
806,-0.12341785978063749
807,-0.0002237201937328516
808,-0.0514229419390314
809,-0.09307712741461466
810,-0.09911390177620591
811,-0.0015699741811157622
812,-0.05023229375272214
813,0.038099835937157524
814,0.1395522672286129
815,-0.08501507332466379
816,0.009780199607970922
817,-0.05124190600992283
818,-0.03392709121911249
819,0.002095701115730853
820,0.044269810326931176
821,0.020603200837713272
822,0.015482708018307556
823,-0.004263469971158113
824,0.05745003677817035
825,0.1784705915866928
826,0.015454738815227204
827,-0.01940581223240909
828,-0.07029275967987052
829,0.06357923361577045
830,-0.02232364940158927
831,0.004355691518075435
832,0.003165367772661
833,-0.11097308416979529
834,0.05425815538951137
835,-0.02753732593836175
836,0.034814477609897046
837,-0.051608091418858984
838,-0.14396239693357835
839,-0.020344331344074464
840,0.058388259495590775
841,0.025541728023770523
842,0.06430425807644422
843,-0.08392770026930384
844,0.009831645891606896
845,-0.03256407324238338
846,0.09892168657293564
847,-0.01076994754863703
848,0.04205641881079193
849,0.008937785845669824
850,0.03664956597404804
851,-0.043998624276204684
852,0.06658808761761287
853,-0.051510695614768245
854,0.01600465894655672
855,-0.049745862251992304
856,-0.062486085030022724
857,0.06078751817764465
858,-0.037254427645417414
859,-0.052397265191871184
860,-0.0014058002000656605
861,-0.04007072650011029
862,0.025925771253583023
863,-0.00312342461588813
864,-0.12740796120088063
865,0.011219376415404792
866,-0.015460487971213726
867,-0.050534657147365734
868,0.0006601207902133515
869,-0.035335814908927975
870,0.016357820002019543
871,-0.07343298450556951
872,0.004767995777829884
873,0.046371096149868014
874,0.040011198153775726
875,0.015339380563866708
876,-0.03340009666706676
877,0.04466916992547027
878,0.015493357676986216
879,-0.026882479182377718
880,-0.002943611126537895
881,0.1581215594849706
882,0.1009699188601794
883,0.17039056340704928
884,0.01565762977148276
885,-0.05337471413320369
886,-0.002704951072076322
887,-0.010971051098438536
888,-0.013694835971462494
889,0.04196839346520352
890,-0.05648673044377522
891,0.058919259223251946
892,-0.000663512381486079
893,0.12210249171912901
894,-0.014441923229358737
895,-0.03782506507265358
896,0.05982184085728354
897,-0.054649552530354736
898,-0.13379640475053425
899,-0.046926408051441305
900,0.040979728611988925
901,-0.05662326103600406
902,0.05175677179064311
903,0.08192820621876282
904,-0.045195631063946515
905,-0.006662332849793164
906,0.013289032856334386
907,0.07512606897193745
908,0.04031875996485766
909,-0.03413187510630348
910,-0.004410733700701412
911,0.028014779029379967
912,0.021651929914870714
913,-0.07319506768304618
914,0.1240302319250319
915,0.007537029103373783
916,0.0363043979787546
917,0.0031387608204210262
918,-0.03380720962761053
919,0.02443093560189984
920,-0.034521672242492675
921,0.07522365202780647
922,0.00449462986639417
923,-0.06576559359360563
924,0.06308076408250227
925,0.01001893403602653
926,-0.06684740828420488
927,-0.009295949039621387
928,0.14467032256118834
929,-0.12404317703171613
930,-0.07564387512795827
931,-0.1366616853762743
932,-0.019021619266007043
933,-0.0003621227281291491
934,0.03133267321222163
935,-0.0785873892135924
936,-0.13740915553445257
937,0.0013321743653851906
938,-0.07116931728332149
939,0.025636413845400767
940,0.004435822013928286
941,0.12328068930429438
942,-0.010241293934666032
943,-0.09824695596637074
944,0.05288164793673784
945,0.06825863050964129
946,0.09631371031969313
947,-0.005246959098665863
948,-0.09792429762174545
949,-0.03013044522528231
950,0.015571610250339991
951,0.02310888405712744
952,-0.0210818072191982
953,-0.0775151680709639
954,0.05984186160769778
955,0.004453378912264241
956,-0.030624824797118994
957,0.09414100020573232
958,0.02548869036987177
959,0.10312092856038188
960,-0.009038471277317911
961,-0.011764305579964213
962,0.09005950497766674
963,0.022893126245552568
964,-0.05208486637656481
965,-0.09890457465682302
966,-0.041087578250261464
967,-0.03186591271725853
968,0.002644091640723464
969,-0.014984708053944572
970,-0.059965709025423704
971,-0.07756776659588857
972,-0.11432201122428504
973,0.022611489559653995
974,0.07363939578229088
975,-0.048610678696285485
976,-0.05052898810466321
977,0.06919553913153234
978,0.06104728456370894
979,-0.08069607586229485
980,0.05518343337583063
981,-0.009190635276417789
982,-0.04208368798281492
983,0.03718456820272269
984,-0.052314619736722
985,0.046280225096656115
986,-0.06136264516495796
987,-0.03894878960489945
988,0.04639143602756502
989,-0.05720949671517765
990,-0.030947117118646904
991,-0.0447678570330597
992,-0.049498984476050154
993,0.10006333997131642
994,0.027513739316813342
995,0.01733960443474502
996,-0.06374379809727893
997,0.03895186265981745
998,-0.037310525057172306
999,-0.05553046937299088
1000,0.10664507813110585
1001,0.11144588963558999
1002,-0.002283353624503425
1003,0.12712589419952025
1004,-0.09585040448252632
1005,-0.047924132922056516
1006,-0.052305911456287844
1007,0.008130792064737056
1008,-0.03548138422718472
1009,-0.03673241613917086
1010,-0.0567288517226258
1011,0.03555593724673466
1012,0.03868149358468089
1013,-0.06874221511605012
1014,0.06001620598566099
1015,-0.02352908501494796
1016,-0.10948066026176448
1017,-0.06560150181111062
1018,0.09674667700327395
1019,-0.010222782940607236
1020,-0.10978926674233873
1021,0.021873939765158803
1022,-0.00605240855248725
1023,0.04779516661897824
1024,0.08747286687367188
1025,0.05402883514707681
1026,0.006402084731886305
1027,-0.1260814946946349
1028,0.034833595003896656
1029,0.0023784100221886373
1030,0.11756333761404707
1031,-0.00011790000220164856
1032,-0.024604082584686614
1033,0.013624051997058028
1034,0.042518828256385775
1035,0.0607887373382717
1036,0.08061202108959326
1037,0.003032410956724832
1038,0.018671008727105042
1039,0.042429601448510906
1040,0.1273576803923232
1041,0.1188644944414149
1042,0.03365158302671138
1043,-0.020440166399663152
1044,0.03810273560036911
1045,0.047968707237424205
1046,-0.029005589789222425
1047,0.05556456086442095
1048,-0.008950635149717515
1049,0.01539627385037743
1050,-0.08799335909621478
1051,-0.08829973137495968
1052,0.08664508410651799
1053,-0.03474787615031979
1054,-0.004019881923690707
1055,0.10990490616239086
1056,0.06791651070107652
1057,-0.053127895302310185
1058,-0.05939385719263302
1059,-0.01952206022832991
1060,-0.012921116315522216
1061,-0.002330295899750297
1062,0.12427606779142227
1063,0.09315622315022484
1064,-0.04501385844599914
1065,0.01829355287417564
1066,-0.0010092951036525365
1067,-0.03838942319255275
1068,-0.036674492266667184
1069,-0.045173772389020865
1070,0.02356674590806314
1071,-0.0010966101537859699
1072,0.040904185424432075
1073,-0.0004578829304230861
1074,-0.011242370797728633
1075,-0.015173017453948195
1076,0.042316054494802045
1077,0.056736911542600486
1078,0.06954493932330415
1079,-0.12526642839366095
1080,-0.0036246935378437223
1081,0.014538798125404916
1082,0.039516726896519104
1083,-0.03868909487612056
1084,0.01570511480154406
1085,-0.17459106501535548
1086,0.13505257728558048
1087,-0.009530156561012304
1088,-0.023096229715498545
1089,-0.04030208596148396
1090,0.024598947948645335
1091,0.028616118975774534
1092,0.021565928030640707
1093,-0.011537691076012328
1094,0.0010774313667820117
1095,0.07631330676095988
1096,-0.022350657995856293
1097,-0.019293670698738198
1098,-0.12632662113086215
1099,-0.046835448075969066
1100,-0.10591631926540822
1101,0.09067981012572189
1102,-0.006384725996596263
1103,-0.10328607586578996
1104,-0.04063325930667772
1105,0.036528533861908984
1106,-0.09863216170627946
1107,0.1407192206968262
1108,0.042029409053321455
1109,0.002857032694375723
1110,0.019254395177114525
1111,-0.016110105152302587
1112,0.027739979937528435
1113,0.05827619793399377
1114,0.05276534493598242
1115,-0.05130177306630871
1116,0.05024927949192178
1117,0.1732535371820722
1118,0.005540341654440193
1119,-0.047243929404206894
1120,0.006203049843779278
1121,0.0944517288099449
1122,0.01623641686824938
1123,-0.03473404679059389
1124,-0.062208822643270455
1125,-0.010189539204598155
1126,-0.014797643231861704
1127,0.09456291781232724
1128,-0.15671516899646346
1129,-0.09427118952623945
1130,-0.07943441349698417
1131,0.02165101476291914
1132,-0.12679688235561343
1133,0.020575557254539936
1134,-0.10385559121736603
1135,0.09153824102335102
1136,-0.06541095947386762
1137,-0.05709996425609311
1138,0.0035370467943104467
1139,-0.0666328567950883
1140,-0.06737518580338701
1141,-0.054054149069018335
1142,0.08090581706906562
1143,0.03155149992947802
1144,0.06268158781486108
1145,0.02387562017137062
1146,0.026015920839899207
1147,0.002173521568508408
1148,0.04910305248684613
1149,0.04480081086727871
1150,-0.030893459012775206
1151,-0.038870529576810746
1152,0.0732227544192443
1153,0.017107383601358883
1154,-0.050411601634091766
1155,-0.1295130228871316
1156,-0.020798856979551406
1157,-0.026077311304669223
1158,-0.01576142962675959
1159,-0.11853185583950686
1160,-0.05928292578535474
1161,-0.021774089501657164
1162,0.007053357007934398
1163,-0.011211343072613374
1164,-0.044880646520105226
1165,0.024984459994305677
1166,0.05743632109302292
1167,0.05403415673553504
1168,0.07194999790661398
1169,0.006190539388400019
1170,-0.10593418185504298
1171,-0.06225349396406788
1172,0.009075349130809932
1173,0.02389225767239462
1174,-0.09346833972802457
1175,0.00702367805043212
1176,0.012733308512222413
1177,-0.04900245831676013
1178,-0.08260657824072357
1179,0.13771585356343047
1180,-0.02324435114602932
1181,0.08308988630411547
1182,-0.16053002200704364
1183,-0.02953792221757372
1184,-0.026706795488266308
1185,-0.027659462826957436
1186,0.007931555334635474
1187,-0.016280240879351336
1188,0.021693147907450142
1189,0.09500341007006485
1190,0.06714470174502638
1191,0.09814736621747876
1192,0.04401435091828216
1193,-0.010152874087279906
1194,0.0044585800799445295
1195,-0.07577627953150408
1196,-0.004991449214010547
1197,-0.13982136555700517
1198,0.13351324299846434
1199,0.019410361890925484
1200,0.032263885724467006
1201,0.028958460538706824
1202,0.11799187517512386
1203,-0.11071951369161363
1204,-0.028075874277241855
1205,-0.05844848090095053
1206,-0.11067691315273337
1207,0.09534030941274609
1208,-0.14565863361256062
1209,-0.08925069564493585
1210,-0.0982738430458025
1211,0.007748312919165274
1212,-0.0168049261628583
1213,-0.03080144738059276
1214,-0.026854536131257257
1215,-0.04425591143193597
1216,0.09783056077026281
1217,0.0919621227006927
1218,0.022075841037075244
1219,0.013043294836778803
1220,-0.10087010736453893
1221,0.03695897691779681
1222,0.045790457700696834
1223,0.0011690990379355742
1224,0.01046444849994093
1225,0.011803881417249196
1226,0.0015658573783500992
1227,0.05172383098882998
1228,0.07549406872689503
1229,-0.018018605148969746
1230,-0.051422907534838934
1231,-0.03596482028019586
1232,-0.17092903579656976
1233,0.050813515917421496
1234,-0.028039255333376492
1235,-0.018188113725144117
1236,0.0506899970363717
1237,0.07932838028548886
1238,0.004155292614717691
1239,0.07303554740604075
1240,0.027628963513383852
1241,-0.0281597550772402
1242,-0.037761032436943336
1243,0.09287165628094375
1244,0.02002846934052576
1245,0.026287545975461
1246,0.12278376097417643
1247,-0.05856654155195145
1248,0.07638211013930285
1249,0.014117560383085552
1250,-0.17022746722164833
1251,-0.043776900742033956
1252,0.0696659706287712
1253,-0.011936360906732888
1254,0.008268440234901645
1255,0.03033483465026594
1256,-0.017403236162058862
1257,-0.046848630590464214
1258,0.10646340793652956
1259,0.03842964345010235
1260,-0.0601608699313543
1261,0.039680696542248955
1262,0.002143257368923875
1263,0.01017536881499832
1264,-0.014218585835379558
1265,0.05701802702322756
1266,0.04294758846145211
1267,0.07337964305167281
1268,0.10298711947150513
1269,-0.08042661032789357
1270,-0.1150842830075824
1271,0.03731051648577355
1272,0.04077603698089817
1273,0.028153980665131317
1274,-0.047121586384332344
1275,-0.0592161859079311
1276,-0.0715141630919563
1277,0.04946126081685409
1278,0.04702825191225732
1279,0.03450625427655075
1280,0.014222193627947457
1281,0.02433069629416538
1282,-0.06348590275534131
1283,-0.1092702682244128
1284,0.008309118129492886
1285,-0.07173237055248848
1286,-0.14568942202457255
1287,0.0477630794815352
1288,0.03227951144883054
1289,0.0704331502337255
1290,-0.058983301043240406
1291,0.0529400444544961
1292,-0.044906462767101855
1293,-0.03496196720951285
1294,0.005137294928497349
1295,0.03937273071850053
1296,-0.02301796706539019
1297,0.13258854195977457
1298,0.12913151989232882
1299,-0.0877089050628637
1300,-0.07014591080239051
1301,0.023887944824236812
1302,-0.1665408623046509
1303,0.046292096077454964
1304,-0.02765368525984838
1305,-0.08173052672387039
1306,-0.04248252216599576
1307,0.21384152544742158
1308,-0.014367827407015843
1309,0.13392195448616445
1310,-0.0706185723255689
1311,0.0419836940127378
1312,0.12711187330207158
1313,-0.08789731433553309
1314,-0.025454747880589768
1315,-0.016660397640297416
1316,0.09594328219701655
1317,0.031744600618739884
1318,-0.09807511872351814
1319,0.1235778283548622
1320,-0.03911423449456078
1321,0.0727481172885251
1322,0.007626229181621358
1323,-0.02171819598677379
1324,0.002252140330268679
1325,-0.034028312426952596
1326,1.4207900206392918e-05
1327,-0.04956527158542621
1328,0.03268536181628216
1329,0.020790536242598693
1330,0.0010303260478155827
1331,0.1048207989883496
1332,0.021656024894888777
1333,-0.16644253115701693
1334,0.04972949896238079
1335,0.06443985845808592
1336,-0.010619658022458707
1337,-0.08436002232561264
1338,0.014134579097421818
1339,0.0872297058610472
1340,-0.012247672245823828
1341,0.050890271473798473
1342,0.02078008104425257
1343,-0.014722450027257864
1344,-0.018287546527921854
1345,0.10005110361652586
1346,-0.017531685667460366
1347,0.1295486589408685
1348,0.047447240490966804
1349,0.051118937952433774
1350,0.04602466896664593
1351,-0.0017353506025076628
1352,0.05070565572254471
1353,-0.013949683398597309
1354,0.023883955717352162
1355,0.10720446672632226
1356,0.06310796663656004
1357,0.0742780352931139
1358,-0.05196957244313816
1359,0.025317813741832396
1360,0.02900405864942151
1361,-0.005351805972211381
1362,0.020252946674847488
1363,0.03663608363858503
1364,-0.007689468989978438
1365,-0.04397390380945963
1366,-0.05914639077740916
1367,0.06104627784170442
1368,0.0505176935254543
1369,0.03356883046106529
1370,0.06724359525292802
1371,0.061719942682253275
1372,-0.15531395953196414
1373,0.12487830687640863
1374,0.025145881518332986
1375,-0.04408892284751225
1376,-0.00026711150317579904
1377,-0.10915095732215342
1378,-0.03911866753291869
1379,0.005592388940716885
1380,-0.04829456198948621
1381,-0.04257829310446355
1382,0.07139165652124843
1383,0.07832322634455169
1384,-0.07329345582463921
1385,0.07272688505228705
1386,0.02644064470240985
1387,-0.025928265533498276
1388,0.0011950549210281805
1389,-0.026450598979346835
1390,0.021521045482842414
1391,-0.06269611251527024
1392,0.037936658204844695
1393,0.009666475668262496
1394,0.007863452235389824
1395,0.09407322928156447
1396,-0.044727685857570226
1397,-0.05267127016872907
1398,-0.003011586474013983
1399,-0.055427374757400186
1400,0.04281115444912322
1401,0.046783237139979776
1402,0.09934322368507466
1403,0.034158633424336136
1404,0.029492178099429497
1405,0.007903463514967195
1406,-0.03415188313659577
1407,0.047940274776150885
1408,0.052353564259937604
1409,-0.025869024307849067
1410,0.03010573783293028
1411,0.04679146163163249
1412,-0.013978055246260402
1413,-0.018125435218633017
1414,-0.008856701255056748
1415,-0.05237649162788906
1416,0.023981103851468875
1417,0.030275487908516273
1418,-0.02250545618719952
1419,0.0073276092994105195
1420,0.04150692663385317
1421,0.06207676504983318
1422,-0.14341970139625207
1423,0.01568374280598293
1424,-0.11238045036562173
1425,0.06384498409748107
1426,0.03445413857012431
1427,-0.1212856703274653
1428,0.02737457550737098
1429,-0.11324539697654845
1430,-0.0047609475950976116
1431,0.03154827482632907
1432,-0.01761202325757853
1433,0.0701402994332537
1434,0.0009486737353300987
1435,-0.05588973974418089
1436,0.023525120751432184
1437,0.06061624861238966
1438,-0.034307685270536126
1439,-0.009982025612716987
1440,0.07112924536302381
1441,-0.026787841757577972
1442,-0.11330296114306954
1443,-0.06943510166093914
1444,0.058545369065632395
1445,-0.03460344571894513
1446,0.07392073569777807
1447,0.08545243579242658
1448,0.03646726913645059
1449,0.04243561669657656
1450,-0.056481316548069344
1451,-0.12393573171803422
1452,-0.016536280363365338
1453,0.0837747182823863
1454,0.04329119327447779
1455,-0.022795232005350528
1456,-0.041876908473625324
1457,0.013180618276829724
1458,0.015035407117521339
1459,-0.011334189047655131
1460,-0.04377795998149402
1461,-0.04276633445904892
1462,-0.009928158316844935
1463,-0.07958383954383251
1464,0.07129586415018374
1465,0.012200930589601705
1466,0.04128705038383748
1467,0.07430527695984633
1468,0.06690280413530743
1469,-0.05087805828606703
1470,0.022123086854023637
1471,-0.06057760787092044
1472,0.023193747441366316
1473,-0.062072305368166325
1474,0.06385796727019419
1475,0.12718304681658466
1476,-0.06000508270767085
1477,0.06149023320744906
1478,0.12764429910105607
1479,-0.08716048512586055
1480,-0.11273143209531104
1481,-0.0792781760408855
1482,-0.024533297722636304
1483,0.014743575360675318
1484,0.06273976127694289
1485,-0.13393840031998383
1486,-0.042737508520422886
1487,-0.09813018972664954
1488,-0.06537232599943449
1489,0.03426845844723478
1490,-0.010520045776245124
1491,-0.0279434145641167
1492,-0.07955929635764186
1493,0.004242783825947844
1494,-0.06780810966476977
1495,0.04719126120726826
1496,0.009428231056872485
1497,0.030875187958989612
1498,0.042895541102025564
1499,0.022980114308743967
1500,-0.019647576604929252
1501,0.014374248149748197
1502,-0.07290609189688776
1503,-0.05984344190272337
1504,-0.0765968777432149
1505,-0.12369367473045019
1506,-0.005854105174341132
1507,-0.049017928034174825
1508,0.02414529246539621
1509,-0.07283549890103125
1510,0.03421173828828281
1511,0.024713321165460142
1512,0.06955235221212434
1513,-0.015504836342783728
1514,0.029097758327123663
1515,0.08835089024059167
1516,-0.10278384798236058
1517,-0.013721018725792672
1518,0.020722580921929856
1519,0.01788478961743765
1520,0.01518565025455678
1521,0.04470305514160944
1522,-0.0607783672079721
1523,-0.0622056101509603
1524,0.005683360750658615
1525,-0.023817558526515847
1526,-0.037755623529534724
1527,0.020497263325236402
1528,-0.02256568910374224
1529,0.04072138151075968
1530,0.07419667961665467
1531,-0.1022583535912503
1532,-0.03197613870122638
1533,0.03361144962511326
1534,0.036644879486262785
1535,0.028802045857296007
1536,-0.0037679347419837415
1537,-0.005862885772580956
1538,0.019163146425090326
1539,0.09612346636734456
1540,-0.005064048189297421
1541,-0.06666167232550911
1542,0.00963591941634222
1543,-0.07026104813359316
1544,0.031189164138742235
1545,0.007936859880161573
1546,-0.05181108942739478
1547,0.0723027892161225
1548,-0.029529395021926544
1549,0.019156641010083676
1550,-0.0008468689487898998
1551,-0.006212407844166272
1552,0.03282939251128804
1553,0.05640741843581803
1554,-0.019641184138643915
1555,0.0010678316861607777
1556,-0.0641903286998971
1557,0.14305151074888728
1558,0.024197871915927937
1559,-0.09245316755593541
1560,-0.16926263820065623
1561,0.07762459291800729
1562,0.0730150943399572
1563,0.01729386343361649
1564,-0.029435637063818264
1565,-0.04314924284413757
1566,-0.10658581520804171
1567,0.012195049394656553
1568,-0.08990780546045778
1569,-0.04087535496887241
1570,0.0707727377786925
1571,-0.014855920067366156
1572,0.118260273218618
1573,-0.027429865293551178
1574,-0.08069171765202178
1575,0.09399908125850734
1576,0.14411751636376713
1577,0.044323427613952575
1578,-0.07462220447505703
1579,-0.04910405519488225
1580,0.1495248248150604
1581,0.06915725088260496
1582,-0.03658239846582457
1583,-0.0892437611316766
1584,0.05813629368945238
1585,0.020707620283263617
1586,0.0431921334779613
1587,0.023269270053305195
1588,0.01676228685461025
1589,-0.08442478845474581
1590,0.003703907878476396
1591,0.05079296612497732
1592,0.04260394402348072
1593,0.022587748687920097
1594,-0.018575918042862544
1595,0.029976571959908275
1596,-0.0603627034551948
1597,0.0811989371906505
1598,0.0914270147423749
1599,0.11462286139340502
1600,0.049657173578712986
1601,-0.045638131326867525
1602,0.0709183332620519
1603,-0.06666083651153272
1604,-0.02265369745895258
1605,0.09037083002434541
1606,-0.04810420419416849
1607,-0.00191374792309802
1608,-0.07953456249584634
1609,0.11278031713929314
1610,-0.06458444907758149
1611,0.030958146410245236
1612,0.05112510286363315
1613,0.05768476543097815
1614,0.10448418246338305
1615,0.09608222150840726
1616,-0.06475328858367065
1617,-0.14421764025023898
1618,-0.02462989668751406
1619,0.02248455980540619
1620,-0.01386611293267111
1621,-0.014635326612357828
1622,-0.1299541587496845
1623,-0.12708969354585392
1624,0.07170182631245473
1625,-0.06338465356008109
1626,0.047516727550573123
1627,-0.055721491012219605
1628,0.024439863009896888
1629,-0.004026605558615338
1630,0.055486455251283595
1631,0.01273686998640796
1632,-0.0460032311778791
1633,-0.06973082558207139
1634,0.03549492681688915
1635,-0.03302389879841064
1636,0.006756694987876884
1637,-0.08227908639070379
1638,0.05604595915150111
1639,0.008145692171984393
1640,0.009911438659976114
1641,0.025945661598256668
1642,-0.08009780352224358
1643,-0.008186214670333126
1644,0.001944771180977092
1645,0.06587241661022256
1646,0.00791265944608662
1647,0.10512620888563909
1648,0.0034438275905830694
1649,0.024445327265529004
1650,-0.018352248601354954
1651,-0.0209822630673484
1652,0.02567059486878812
1653,-0.02993762107984113
1654,-0.010566681822416426
1655,0.028810016439902074
1656,-0.08308703631642339
1657,-0.006593091438029677
1658,0.006164982522258914
1659,0.11139591891945883
1660,0.14021932021556371
1661,0.006804580392392108
1662,0.04850374109750107
1663,0.026645214789896843
1664,-0.04089798027034578
1665,-0.17506935604066678
1666,0.004271673315746859
1667,-0.012180963337131206
1668,-0.001637379618501851
1669,-0.057155080761628556
1670,0.2615829996475081
1671,-0.05713842670286584
1672,-0.017051791436984633
1673,-0.08864490545069156
1674,-0.022951771176962794
1675,-0.0093027235610119
1676,-0.04657797932481201
1677,0.02229616830788155
1678,-0.0680389003990004
1679,0.12681412456872043
1680,-0.016072791163992003
1681,-0.12062919637897032
1682,0.1084010284399676
1683,-0.027122787692157837
1684,-0.040150998262422515
1685,0.12404172332700136
1686,0.04413980490840009
1687,-0.01788953460450748
1688,0.053156109495295416
1689,0.04301240038454391
1690,0.03999193639043414
1691,-0.07950544155738225
1692,0.10820368662594887
1693,0.06478703886668895
1694,-0.07703299566375113
1695,0.006929802358505278
1696,-0.016652680938409083
1697,-0.11020537902498669
1698,0.039911733413469465
1699,-0.015787417089651017
1700,-0.07668248013889366
1701,0.005506915793762365
1702,-0.053878518644332025
1703,-0.017359607298262688
1704,0.05506758204165533
1705,0.023608805263329074
1706,0.0074807865453388085
1707,-0.04901338883273271
1708,-0.07772959508653501
1709,-0.033206373393879114
1710,-0.004620614049305298
1711,-0.06098729108642171
1712,-0.012244612165714295
1713,0.030740092508643603
1714,0.12564090457947216
1715,-0.03257892590500456
1716,0.054039909309520094
1717,0.0556912441945077
1718,0.03059231832709849
1719,-0.12974694947578072
1720,-0.0946123535279427
1721,0.09593308488797542
1722,0.030249013268095468
1723,0.03016325719695814
1724,0.01587592784344895
1725,0.07075242769509113
1726,0.0431954532744038
1727,0.023535397195802027
1728,0.08953678798175917
1729,0.09105653285349215
1730,-0.07017069885306665
1731,-0.010108121915923392
1732,0.0008492007329541605
1733,-0.02813826928529064
1734,0.013988431409573192
1735,-0.05164393916808724
1736,-0.0004912371869976202
1737,0.04506250042217103
1738,-0.020804220750716716
1739,0.019637069510580057
1740,-0.12110659383078942
1741,0.042024230115936166
1742,0.048192117657642176
1743,0.03283859767449125
1744,-0.006243363599508647
1745,0.0905538650517438
1746,0.031319591299225916
1747,-0.0034445268084735566
1748,-0.022410394197128175
1749,-0.05087424111254526
1750,0.0811485164762997
1751,0.07438383228391394
1752,0.06077396794041752
1753,-0.036432116762895955
1754,0.09549181266319927
1755,-0.0626761257918338
1756,0.049156780938029825
1757,0.005810433257183695
1758,0.046280036735636895
1759,-0.1181744175878449
1760,-0.08086879973536082
1761,0.025323236027684576
1762,-0.01979996908184725
1763,-0.02764272145445539
1764,-0.07748785054935083
1765,0.04988745656639373
1766,0.06646766142937428
1767,0.03987485073780327
1768,-0.007286563545785366
1769,-0.022619793296386616
1770,-0.01827499715207316
1771,0.015503230579950003
1772,0.09546170292784455
1773,-0.05875995031686546
1774,-0.03955378073392981
1775,-0.07380718171952869
1776,-0.06884712619987063
1777,0.11024613838086424
1778,0.07425194906343044
1779,0.041972010917449884
1780,0.011578254099056962
1781,-0.06327592281992211
1782,0.0070784359419237145
1783,-0.056298669967157315
1784,0.06230015550917051
1785,0.015848579404121235
1786,0.07379297112184953
1787,-0.11031198659994564
1788,-0.0021516979665991884
1789,0.10712812793035376
1790,-0.0015745977683543709
1791,-0.0723793197056404
1792,0.004808706633868864
1793,-0.02952712882937152
1794,-0.041465079439716696
1795,0.0027406431424956846
1796,0.15297467600193607
1797,0.005066084733635025
1798,0.10227035263246609
1799,0.14633268967299282
1800,-0.045272107449697625
1801,-0.010948964936151696
1802,-0.02407551066787521
1803,-0.06491359003041862
1804,-0.045466770923989624
1805,0.044349589407564914
1806,0.007758946050946317
1807,-0.01530042664484322
1808,0.011758751543693768
1809,-0.013306219017689087
1810,0.08386128330165457
1811,-0.03000048381150589
1812,-0.04296634922338356
1813,-0.049980563999429496
1814,-0.06476647553915019
1815,-0.06376949874851591
1816,0.06094930087727657
1817,0.012874990343097435
1818,0.0051128463396709406
1819,-0.02224514052752845
1820,-0.05172780752098753
1821,-0.11365317353405492
1822,-0.04231633555412356
1823,-0.04614431607275718
1824,0.07042644178272353
1825,-0.08265833222019266
1826,0.08738642793414297
1827,0.07051803288278582
1828,0.041019788475508426
1829,0.04362784524072657
1830,-0.08441537898541246
1831,-0.047336938979527045
1832,0.09993054322976931
1833,-0.08486803641627165
1834,0.03087413401079602
1835,-0.09140449479504692
1836,-0.019213022244865673
1837,0.02613872261041372
1838,-0.07508348888349353
1839,-0.05656482412136563
1840,-0.026531918177862452
1841,0.059880353065420895
1842,-0.10138256806931435
1843,0.027801316172316896
1844,0.030906195541461207
1845,-0.07584341228536617
1846,0.11181316764519596
1847,0.0007577583119228498
1848,0.0438897891131099
1849,-0.005907791469152169
1850,-0.029432938641890012
1851,0.027066312067810967
1852,-0.004404004377312719
1853,0.04939072580363181
1854,-0.00056549420619603
1855,0.020016764930726634
1856,0.05772343063179564
1857,0.12644029357317432
1858,-0.08993909201265686
1859,0.009934078746589019
1860,-0.01938237270521535
1861,0.07765498780235025
1862,0.07393678833275286
1863,-0.0026024486063005612
1864,0.05420210194232864
1865,-0.04539882672286447
1866,-0.0407291420947763
1867,-0.10444348626108058
1868,-0.09827944374101123
1869,0.020635746241123052
1870,-0.11674909123286654
1871,0.05896788229867305
1872,0.019851153131464325
1873,-0.05007163603252808
1874,0.0511873636030386
1875,0.13569058576438206
1876,-0.004825578490506582
1877,-0.04596071376429608
1878,0.04459873659620703
1879,-0.062137663186948744
1880,0.043784394215190224
1881,0.07344891481382369
1882,0.006674636408326691
1883,-0.018613699743873037
1884,-0.1430496135473521
1885,0.07102797812242825
1886,-0.15404955018967825
1887,0.016124836662898552
1888,-0.00979454765065259
1889,-0.053185561682635316
1890,0.02458543127761231
1891,-0.009615050339491501
1892,0.01743420126149161
1893,0.03735296207712382
1894,-0.04640562845390972
1895,0.013112754911924835
1896,0.01760670273980373
1897,-0.05275350932109389
1898,-0.05699921844754297
1899,0.037473511335915415
1900,-0.001866637584799842
1901,0.015157273353998166
1902,0.12624135157363067
1903,0.014292058037390013
1904,0.018327756413035023
1905,0.0832257171482066
1906,-0.06365346232424478
1907,0.026993435239870432
1908,0.056987451489629526
1909,0.03313641323937327
1910,-0.04664221931231267
1911,-0.017625154836007382
1912,-0.10169617116064181
1913,-0.025973937476861803
1914,0.00010720175412592478
1915,-0.020488273864454124
1916,-0.010736389248292564
1917,0.051440157336667174
1918,-0.04075752597953145
1919,0.08289916376806201
1920,-0.011691540996084769
1921,-0.0074792823749018815
1922,0.0537907551028945
1923,-0.0415193595917627
1924,6.630994238726938e-05
1925,0.058790104412230475
1926,0.019578892679106556
1927,0.12886930132405353
1928,-0.08039181568040644
1929,0.002292555971526436
1930,0.056128209705257
1931,-0.16220516525559936
1932,0.09132595813542724
1933,-0.0411481817099373
1934,0.017218133417070486
1935,0.02885065950120039
1936,0.03798997401202011
1937,0.05707624600526289
1938,0.012006529119410681
1939,-0.08307376196420183
1940,0.029320770321858102
1941,0.039112069989131686
1942,0.022947747744026963
1943,0.04745363766766141
1944,0.06916063016068238
1945,0.02502537851560609
1946,0.044258588693942204
1947,-0.023537604396096087
1948,-0.0523161482604118
1949,0.04636302741567932
1950,0.03422524564929148
1951,0.002675241144851774
1952,-0.04910120976539165
1953,-0.07839479256095765
1954,-0.024359454440442033
1955,-0.07206093086647747
1956,-0.01685674700952249
1957,0.026464723694967288
1958,0.038567197758522576
1959,0.009808113295773475
1960,0.03269030260185702
1961,0.006766798586789544
1962,-0.08587530722115845
1963,-0.008886053764884348
1964,0.08632923293172162
1965,-0.059921000063867566
1966,-0.021066413110349375
1967,-0.007838973302715524
1968,-0.02492538423031213
1969,0.0748700948180523
1970,-0.03999919695675058
1971,-0.04444007678002366
1972,0.07116306177810688
1973,-0.007616652289824946
1974,-0.015290096119728461
1975,-0.059708321103594315
1976,0.16811617234954526
1977,-0.0005553177195520818
1978,0.010892618390606356
1979,-0.015406081831619846
1980,-0.07471919789486584
1981,-0.023800139202059516
1982,0.12712696311171984
1983,-0.031646277345425564
1984,0.05554291175684161
1985,0.03222878926827362
1986,-0.12122097365052141
1987,0.06051860997185725
1988,-0.026744669751223346
1989,0.020784255182377948
1990,0.01786655668676374
1991,-0.08108785548372946
1992,-0.008316634172772305
1993,0.06190983135061134
1994,-0.025537967666011095
1995,0.043985609221878115
1996,-0.12648829860717165
1997,0.06631791566910801
1998,-0.13153803295007768
1999,-0.0760724245468929
2000,0.08000976918241194
2001,-0.10557018958144175
2002,0.00822009317313616
2003,-0.03134333783996342
2004,-0.11391948148665045
2005,0.07449609561895307
2006,-0.09141848815055775
2007,0.08018038964743375
2008,0.06425849809471237
2009,-0.056948429047456714
2010,0.03891335249967002
2011,-0.05244520164535173
2012,-0.047522761651016605
2013,0.08838416299942341
2014,0.10393878893594659
2015,0.06723092432800928
2016,0.021052829605753297
2017,-0.01414754549112506
2018,0.030236903036062125
2019,-0.03911848760715996
2020,-0.007140459079607126
2021,-0.03901246554931133
2022,0.00256874487057749
2023,0.1388114175515145
2024,0.06727196575564841
2025,-0.021619298920685356
2026,0.029919546392459626
2027,0.0331058157179249
2028,-0.021669332852273755
2029,0.024567142690167056
2030,0.06195946764105595
2031,0.15196200426689513
2032,0.017604513054814395
2033,-0.09082694287584425
2034,-0.028504563162306505
2035,0.03353531446490221
2036,0.03251247890863355
2037,0.013293549125403367
2038,-0.030650788532318604
2039,-0.0379662441185206
2040,-0.02877569200168269
2041,0.0034538994932195744
2042,0.01921358136583207
2043,-0.061752906200067105
2044,-0.01836827190882282
2045,0.051025827944953916
2046,-0.007931353447138216
2047,-0.06377784080356262
2048,-0.021781657696511372
2049,-0.004575160871695193
2050,0.025916748870298822
2051,0.0874257575828902
2052,-0.07712379905463734
2053,0.20949751304781544
2054,0.07352367295045181
2055,0.10786682741378241
2056,0.03408882168244341
2057,0.03482050577085241
2058,-0.10827006858913563
2059,0.037177959694131964
2060,-0.07847195876390953
2061,0.027455083006967054
2062,-0.04283076999995785
2063,-0.014527749575544766
2064,0.1360658440003863
2065,-0.0681176902294663
2066,0.022397886898440144
2067,-0.0641487370346851
2068,0.1302159450459121
2069,-0.004120728505311937
2070,0.007998496238817649
2071,-0.05541425262163325
2072,0.06296887574783916
2073,-0.10110729479054535
2074,0.05703574059951294
2075,0.040237770826660836
2076,-0.06921240152559213
2077,0.06710906452301896
2078,-0.006605834560229118
2079,0.05642101644192185
2080,0.02313861806730797
2081,0.05693162034006518
2082,0.03954442965574393
2083,0.021110524133096383
2084,0.044378474580720174
2085,-0.016797893263054153
2086,0.02328445046773941
2087,0.020765390400254106
2088,-0.011094613939956168
2089,0.0035761700338933673
2090,0.05996439068066722
2091,0.05169500455128849
2092,-0.03969864405345342
2093,-0.10929189910060924
2094,-0.09476753178735232
2095,-0.007074553506325571
2096,0.09182254003822524
2097,0.06305050913654701
2098,0.07184996946706322
2099,-0.02157002650277865
2100,-0.07787654325738057
2101,0.09660779181819097
2102,-0.05924904009983564
2103,0.0036132643952399655
2104,-0.027237633043984168
2105,0.12759973201843755
2106,0.07721760977424572
2107,0.0925086526914696
2108,-0.06028669605195244
2109,-0.07191611881517872
2110,0.012045387909827756
2111,0.01831588097728783
2112,-0.019984962491867892
2113,-0.03246146776175154
2114,0.08525985175470129
2115,-0.0030553693144357128
2116,-0.016352086643832208
2117,0.08017113850821343
2118,-0.16576515449704074
2119,0.005133439008801446
2120,0.0321962150049076
2121,0.007884371331148188
2122,-0.014283979810615148
2123,0.05539494475047758
2124,0.005071131384232709
2125,-0.05118285117534405
2126,-0.023064721169922833
2127,0.028650404066782396
2128,0.07933093082142263
2129,-0.006356564962643761
2130,0.04128941337019046
2131,0.00529360461039052
2132,-0.07082678347115155
2133,0.12495327577929036
2134,-0.037778528706906365
2135,0.07980026867740948
2136,-0.018307602739039065
2137,-0.04194940950057821
2138,0.10674763428588789
2139,-0.051852711185175676
2140,-0.08999785373868217
2141,-0.059545696109002434
2142,-0.08699268759456413
2143,-0.02167169626063884
2144,-0.02986296080992849
2145,0.006027697294708202
2146,-0.049457369908027154
2147,-0.020518418330792626
2148,0.04768699526565131
2149,-0.0010412084906004193
2150,0.03296715493355415
2151,0.02483551567408145
2152,0.029327541053625547
2153,0.02170387792441551
2154,0.007838142339449685
2155,-0.04179282429560706
2156,-0.02710918858290495
2157,0.015261527187330483
2158,0.02085435148560937
2159,0.05218123392695683
2160,-0.03628359930812852
2161,0.03990873101273849
2162,-0.05299239100036417
2163,-0.11921816958530645
2164,-0.09893237962846246
2165,0.03178284857301776
2166,0.09871638737602416
2167,0.03548100771316994
2168,0.025157709694232356
2169,-0.09865765902459615
2170,-0.014274863917707215
2171,0.024089549950791513
2172,0.06317268359348603
2173,0.0823667486292067
2174,0.10166215815913776
2175,0.016417441211654442
2176,0.018185566066695604
2177,-0.06328440485462283
2178,-0.003836298973332523
2179,0.07381069955713333
2180,-0.058797513850546115
2181,0.11543752973268318
2182,-0.05742226932045577
2183,0.13134274867286158
2184,-0.08993973014873553
2185,0.051373701954973074
2186,0.002186892069504719
2187,0.13186886393637745
2188,0.011096673050883538
2189,-0.0028590407487349687
2190,-0.04127734977596971
2191,0.0497265826096073
2192,0.020753908063621103
2193,0.01986064522436687
2194,-0.05363378605933173
2195,0.036473277810995075
2196,0.05901839826224116
2197,-0.004452517251970606
2198,0.03375404995328328
2199,0.06163078441733015
2200,-0.025830871455110177
2201,0.08769526874889637
2202,-0.07828023985155728
2203,0.014425971755073949
2204,-0.04243360472091409
2205,0.03822441354298921
2206,-0.06347982249893097
2207,0.05721411775635766
2208,-0.010667082550454243
2209,0.0013685064408765703
2210,0.06552329404580004
2211,-0.008685230862400587
2212,-0.04808623185604883
2213,0.10668205347821642
2214,0.012345199736788184
2215,0.13204115010243195
2216,0.06968724927854897
2217,-0.008071116828668068
2218,-0.02508047872232188
2219,0.021477061741435977
2220,0.08782305836430168
2221,-0.013686989714858076
2222,-0.041471088220457836
2223,-0.09252394539384423
2224,0.13603660929754605
2225,-0.03702125438592164
2226,0.04713625130840479
2227,-0.01000680232161383
2228,-0.010619620011862136
2229,0.08948291889051332
2230,-0.03541254749118235
2231,0.07312189511252626
2232,0.009444899231674152
2233,-0.040136653999685724
2234,-0.16002791436154096
2235,0.030599779614796794
2236,0.047587287582868114
2237,0.03006468080810479
2238,-0.05752830983374266
2239,-0.04066533929199237
2240,-0.017614047565144675
2241,-0.031078647419573568
2242,0.014025780698296696
2243,0.09583397808212962
2244,-0.04141230300614711
2245,0.007308484734916323
2246,0.1029052165788723
2247,0.03876092845569169
2248,0.12709821924070944
2249,0.005557761910001312
2250,0.016805872502479783
2251,-0.06616400628272508
2252,0.0060695822715167
2253,0.04907593615663225
2254,0.001083677807243847
2255,0.025301476936077667
2256,-0.030223795603571215
2257,-0.0274891468358345
2258,0.02484638026154535
2259,-0.03451349353159496
2260,0.016983704387834565
2261,-0.03729273422543763
2262,0.07105599615554478
2263,0.017331452305411173
2264,-0.03768543663541713
2265,-0.003731733119031451
2266,-0.06598122989036405
2267,0.12312320764663776
2268,-0.01279046771938697
2269,-0.050199750766943156
2270,-0.059037625562440986
2271,0.00974841919318734
2272,-0.08472167600021449
2273,0.04988258654555159
2274,-0.0014313541656724815
2275,0.09018080934536328
2276,-0.04226200724272346
2277,-0.004313672202948864
2278,-0.004812739325042071
2279,0.021072393112075018
2280,0.013784983006379413
2281,-0.09727881109731931
2282,-0.030454295347250398
2283,0.10264210068048245
2284,-0.04301563450327471
2285,0.025372899299372625
2286,0.0029745422762420546
2287,0.008967994441260813
2288,0.04775497860337077
2289,0.20740828643557807
2290,0.008095847360584218
2291,-0.022659278200971314
2292,-0.11859359489979727
2293,-0.03998497996059527
2294,0.017790393723355346
2295,-0.0007500400381110381
2296,-0.03368442239834736
2297,0.039109670012733
2298,0.022899126610381477
2299,-0.13626686956460315
2300,0.03285856405962811
2301,0.15479083641811195
2302,-0.06450452744068477
2303,-0.05319717890793721
2304,0.07475894619839722
2305,-0.02049164268872708
2306,0.11344275283818411
2307,0.019797046251708528
2308,0.00939521128388606
2309,0.020926126417837462
2310,-0.003481252880308133
2311,-0.033443533986603956
2312,0.0542606288329588
2313,0.018305811758492406
2314,-0.030390473417712123
2315,-0.005319875240259513
2316,-0.03137268115569821
2317,-0.004465697742664115
2318,-0.014799647404048018
2319,0.0814084274446826
2320,0.009646206105741743
2321,-0.04075760753255083
2322,0.004141380789629789
2323,-0.05228278112949262
2324,0.12203750943309181
2325,-0.04768826818674033
2326,-0.028814145663089208
2327,-0.030692075052776453
2328,-0.07824402105112899
2329,0.08042621402124119
2330,0.1039812197094046
2331,-0.04880695322535926
2332,-0.061594895861577945
2333,-0.029091920059690805
2334,-0.05136016818568228
2335,0.09232646136670805
2336,-0.056789150510001773
2337,0.02514167300962696
2338,-0.08023962436126232
2339,0.028591091152167653
2340,-0.14572854546966155
2341,-0.03901490000301612
2342,-0.12205273632616287
2343,-0.04298614334752463
2344,-0.00492189884528496
2345,-0.04782010323887698
2346,-0.037059044193675963
2347,0.04150522268151648
2348,-0.006218818391624614
2349,-0.06683220456242456
2350,-0.021511620063941205
2351,0.03268302056191445
2352,0.042012611488937895
2353,-0.0009287516037463872
2354,-0.022795459497255605
2355,0.0680642928608146
2356,0.055195366939062504
2357,-0.015342186764423942
2358,-0.06332184755253685
2359,-0.02719930338906297
2360,-0.003629127459690623
2361,0.04020116479228498
2362,0.07541871858695541
2363,0.054769542738591845
2364,0.08089383728767964
2365,0.03464651737780082
2366,0.009494345452998697
2367,-0.01283750894590039
2368,0.10383698218379454
2369,-0.023475700577329332
2370,-0.022976002637809412
2371,-0.18995051732714088
2372,0.009083369786304743
2373,0.026167911774233065
2374,0.028417471500033598
2375,-0.062142725359537014
2376,-0.05055256489432967
2377,0.031201286195748974
2378,-0.09729608531740455
2379,0.02030256860784184
2380,-0.17577547588539516
2381,0.001780004152982972
2382,-0.1391594647146014
2383,0.032477698363748995
2384,-0.009975363933579106
2385,-0.05359216426414405
2386,-0.03894130966461648
2387,-0.002543427015612557
2388,0.056839514181834014
2389,-0.06654480853852762
2390,-0.01966604748064629
2391,-0.017547818812033652
2392,0.038093332378496055
2393,0.008240193349093289
2394,0.11240635305548682
2395,-0.06565936812778693
2396,0.04544847143577845
2397,0.08613115347363576
2398,0.03957435751580137
2399,-0.0020240106910208657
2400,-0.09748831097652917
2401,0.1371865352185911
2402,0.0703883806609344
2403,0.038498053020556235
2404,0.19312068152363687
2405,-0.016007417489685358
2406,0.004792155089981277
2407,0.04874363463534639
2408,-0.09726957647487691
2409,-0.000782990516480963
2410,0.009813922192115496
2411,-0.014898029620047727
2412,-0.06849387126640968
2413,-0.1068588070383963
2414,-0.07274428247164651
2415,0.07740764728550074
2416,-0.09044853963001898
2417,-0.035929272744132164
2418,0.060131904080260146
2419,-0.015229720181724459
2420,-0.005371041412896573
2421,-0.06830876306529142
2422,0.05368847854640307
2423,0.05714526357889077
2424,0.02556328665651204
2425,0.08375508965542386
2426,-0.052920675833963184
2427,-0.027214594944471305
2428,-0.08130748595081243
2429,0.09845113907991966
2430,-0.09295671558361776
2431,-0.13973033781522096
2432,-0.06505986387835799
2433,0.023166194617003203
2434,0.009168230965814454
2435,-0.07210373331766552
2436,0.16447385427981803
2437,-0.001754009747246899
2438,-0.0883536471441195
2439,-0.012855501829736687
2440,0.014186453517490859
2441,-0.10624524290043665
2442,-0.0579280534499532
2443,-0.008299782834752566
2444,-0.07941160885350296
2445,-0.0659891293894768
2446,0.04526529018307716
2447,0.015204046774578163
2448,-0.04690795486338838
2449,-0.006221852749058115
2450,-0.09086286298188259
2451,-0.04698389757512073
2452,0.06743201120763875
2453,0.045668899912676565
2454,0.017096599124326456
2455,-0.054646938904967315
2456,0.09462254936129208
2457,-0.060812290521073724
2458,0.0288042096887888
2459,0.01927796426560105
2460,0.0715198553544467
2461,-0.05244918104736699
2462,-0.09856129163830255
2463,-0.07509071646387847
2464,-0.10151481962836113
2465,0.014942987380824663
2466,-0.02283432414648016
2467,0.05406013575833047
2468,0.07353429329353024
2469,0.04194730448172485
2470,0.012948195074619659
2471,-0.022155564059367278
2472,-0.0021335531002826037
2473,-0.08932975635512849
2474,-0.02669391296619083
2475,0.13790592634192317
2476,-0.0052685998608199966
2477,-0.06462104672703672
2478,0.053343096555840824
2479,0.06981098763947871
2480,-0.06588957546134037
2481,0.035120653981317855
2482,0.007910297546084495
2483,-0.10730767250210632
2484,-0.04466541354765572
2485,0.10239848382812984
2486,0.09642159266928917
2487,0.04211580135797372
2488,-0.14503417744909053
2489,-0.004607545017664579
2490,-0.029095705009699106
2491,-0.059799106289785284
2492,0.0022620134393005883
2493,0.10235029201684638
2494,0.06737278768819428
2495,-0.04992169054474503
2496,-0.018346811443927108
2497,-0.017827992720889096
2498,0.02581237690612987
2499,-0.003391111206115214
2500,0.7912816389765668
2501,0.9388083957603198
2502,0.6881138038610916
2503,0.5664419447478884
2504,0.6920713446884383
2505,0.7880118896898421
2506,0.7139939181142321
2507,0.6075773206471832
2508,0.1240291419964007
2509,0.14005749948368318
